64,32,,
0,0,17,23
1,0,49,23
2,0,17,22
3,0,49,22
4,0,17,21
5,0,49,21
6,0,17,20
7,0,49,20
8,0,17,19
9,0,49,19
10,0,17,18
11,0,49,18
12,0,17,17
13,0,49,17
14,0,17,16
15,0,49,16
16,0,17,31
17,0,49,31
18,0,17,30
19,0,49,30
20,0,17,29
21,0,49,29
22,0,17,28
23,0,49,28
24,0,17,27
25,0,49,27
26,0,17,26
27,0,49,26
28,0,17,25
29,0,49,25
30,0,17,24
31,0,49,24
32,0,17,7
33,0,49,7
34,0,17,6
35,0,49,6
36,0,17,5
37,0,49,5
38,0,17,4
39,0,49,4
40,0,17,3
41,0,49,3
42,0,17,2
43,0,49,2
44,0,17,1
45,0,49,1
46,0,17,0
47,0,49,0
48,0,17,15
49,0,49,15
50,0,17,14
51,0,49,14
52,0,17,13
53,0,49,13
54,0,17,12
55,0,49,12
56,0,17,11
57,0,49,11
58,0,17,10
59,0,49,10
60,0,17,9
61,0,49,9
62,0,17,8
63,0,49,8
0,1,16,23
1,1,48,23
2,1,16,22
3,1,48,22
4,1,16,21
5,1,48,21
6,1,16,20
7,1,48,20
8,1,16,19
9,1,48,19
10,1,16,18
11,1,48,18
12,1,16,17
13,1,48,17
14,1,16,16
15,1,48,16
16,1,16,31
17,1,48,31
18,1,16,30
19,1,48,30
20,1,16,29
21,1,48,29
22,1,16,28
23,1,48,28
24,1,16,27
25,1,48,27
26,1,16,26
27,1,48,26
28,1,16,25
29,1,48,25
30,1,16,24
31,1,48,24
32,1,16,7
33,1,48,7
34,1,16,6
35,1,48,6
36,1,16,5
37,1,48,5
38,1,16,4
39,1,48,4
40,1,16,3
41,1,48,3
42,1,16,2
43,1,48,2
44,1,16,1
45,1,48,1
46,1,16,0
47,1,48,0
48,1,16,15
49,1,48,15
50,1,16,14
51,1,48,14
52,1,16,13
53,1,48,13
54,1,16,12
55,1,48,12
56,1,16,11
57,1,48,11
58,1,16,10
59,1,48,10
60,1,16,9
61,1,48,9
62,1,16,8
63,1,48,8
0,2,19,23
1,2,51,23
2,2,19,22
3,2,51,22
4,2,19,21
5,2,51,21
6,2,19,20
7,2,51,20
8,2,19,19
9,2,51,19
10,2,19,18
11,2,51,18
12,2,19,17
13,2,51,17
14,2,19,16
15,2,51,16
16,2,19,31
17,2,51,31
18,2,19,30
19,2,51,30
20,2,19,29
21,2,51,29
22,2,19,28
23,2,51,28
24,2,19,27
25,2,51,27
26,2,19,26
27,2,51,26
28,2,19,25
29,2,51,25
30,2,19,24
31,2,51,24
32,2,19,7
33,2,51,7
34,2,19,6
35,2,51,6
36,2,19,5
37,2,51,5
38,2,19,4
39,2,51,4
40,2,19,3
41,2,51,3
42,2,19,2
43,2,51,2
44,2,19,1
45,2,51,1
46,2,19,0
47,2,51,0
48,2,19,15
49,2,51,15
50,2,19,14
51,2,51,14
52,2,19,13
53,2,51,13
54,2,19,12
55,2,51,12
56,2,19,11
57,2,51,11
58,2,19,10
59,2,51,10
60,2,19,9
61,2,51,9
62,2,19,8
63,2,51,8
0,3,18,23
1,3,50,23
2,3,18,22
3,3,50,22
4,3,18,21
5,3,50,21
6,3,18,20
7,3,50,20
8,3,18,19
9,3,50,19
10,3,18,18
11,3,50,18
12,3,18,17
13,3,50,17
14,3,18,16
15,3,50,16
16,3,18,31
17,3,50,31
18,3,18,30
19,3,50,30
20,3,18,29
21,3,50,29
22,3,18,28
23,3,50,28
24,3,18,27
25,3,50,27
26,3,18,26
27,3,50,26
28,3,18,25
29,3,50,25
30,3,18,24
31,3,50,24
32,3,18,7
33,3,50,7
34,3,18,6
35,3,50,6
36,3,18,5
37,3,50,5
38,3,18,4
39,3,50,4
40,3,18,3
41,3,50,3
42,3,18,2
43,3,50,2
44,3,18,1
45,3,50,1
46,3,18,0
47,3,50,0
48,3,18,15
49,3,50,15
50,3,18,14
51,3,50,14
52,3,18,13
53,3,50,13
54,3,18,12
55,3,50,12
56,3,18,11
57,3,50,11
58,3,18,10
59,3,50,10
60,3,18,9
61,3,50,9
62,3,18,8
63,3,50,8
0,4,21,23
1,4,53,23
2,4,21,22
3,4,53,22
4,4,21,21
5,4,53,21
6,4,21,20
7,4,53,20
8,4,21,19
9,4,53,19
10,4,21,18
11,4,53,18
12,4,21,17
13,4,53,17
14,4,21,16
15,4,53,16
16,4,21,31
17,4,53,31
18,4,21,30
19,4,53,30
20,4,21,29
21,4,53,29
22,4,21,28
23,4,53,28
24,4,21,27
25,4,53,27
26,4,21,26
27,4,53,26
28,4,21,25
29,4,53,25
30,4,21,24
31,4,53,24
32,4,21,7
33,4,53,7
34,4,21,6
35,4,53,6
36,4,21,5
37,4,53,5
38,4,21,4
39,4,53,4
40,4,21,3
41,4,53,3
42,4,21,2
43,4,53,2
44,4,21,1
45,4,53,1
46,4,21,0
47,4,53,0
48,4,21,15
49,4,53,15
50,4,21,14
51,4,53,14
52,4,21,13
53,4,53,13
54,4,21,12
55,4,53,12
56,4,21,11
57,4,53,11
58,4,21,10
59,4,53,10
60,4,21,9
61,4,53,9
62,4,21,8
63,4,53,8
0,5,20,23
1,5,52,23
2,5,20,22
3,5,52,22
4,5,20,21
5,5,52,21
6,5,20,20
7,5,52,20
8,5,20,19
9,5,52,19
10,5,20,18
11,5,52,18
12,5,20,17
13,5,52,17
14,5,20,16
15,5,52,16
16,5,20,31
17,5,52,31
18,5,20,30
19,5,52,30
20,5,20,29
21,5,52,29
22,5,20,28
23,5,52,28
24,5,20,27
25,5,52,27
26,5,20,26
27,5,52,26
28,5,20,25
29,5,52,25
30,5,20,24
31,5,52,24
32,5,20,7
33,5,52,7
34,5,20,6
35,5,52,6
36,5,20,5
37,5,52,5
38,5,20,4
39,5,52,4
40,5,20,3
41,5,52,3
42,5,20,2
43,5,52,2
44,5,20,1
45,5,52,1
46,5,20,0
47,5,52,0
48,5,20,15
49,5,52,15
50,5,20,14
51,5,52,14
52,5,20,13
53,5,52,13
54,5,20,12
55,5,52,12
56,5,20,11
57,5,52,11
58,5,20,10
59,5,52,10
60,5,20,9
61,5,52,9
62,5,20,8
63,5,52,8
0,6,23,23
1,6,55,23
2,6,23,22
3,6,55,22
4,6,23,21
5,6,55,21
6,6,23,20
7,6,55,20
8,6,23,19
9,6,55,19
10,6,23,18
11,6,55,18
12,6,23,17
13,6,55,17
14,6,23,16
15,6,55,16
16,6,23,31
17,6,55,31
18,6,23,30
19,6,55,30
20,6,23,29
21,6,55,29
22,6,23,28
23,6,55,28
24,6,23,27
25,6,55,27
26,6,23,26
27,6,55,26
28,6,23,25
29,6,55,25
30,6,23,24
31,6,55,24
32,6,23,7
33,6,55,7
34,6,23,6
35,6,55,6
36,6,23,5
37,6,55,5
38,6,23,4
39,6,55,4
40,6,23,3
41,6,55,3
42,6,23,2
43,6,55,2
44,6,23,1
45,6,55,1
46,6,23,0
47,6,55,0
48,6,23,15
49,6,55,15
50,6,23,14
51,6,55,14
52,6,23,13
53,6,55,13
54,6,23,12
55,6,55,12
56,6,23,11
57,6,55,11
58,6,23,10
59,6,55,10
60,6,23,9
61,6,55,9
62,6,23,8
63,6,55,8
0,7,22,23
1,7,54,23
2,7,22,22
3,7,54,22
4,7,22,21
5,7,54,21
6,7,22,20
7,7,54,20
8,7,22,19
9,7,54,19
10,7,22,18
11,7,54,18
12,7,22,17
13,7,54,17
14,7,22,16
15,7,54,16
16,7,22,31
17,7,54,31
18,7,22,30
19,7,54,30
20,7,22,29
21,7,54,29
22,7,22,28
23,7,54,28
24,7,22,27
25,7,54,27
26,7,22,26
27,7,54,26
28,7,22,25
29,7,54,25
30,7,22,24
31,7,54,24
32,7,22,7
33,7,54,7
34,7,22,6
35,7,54,6
36,7,22,5
37,7,54,5
38,7,22,4
39,7,54,4
40,7,22,3
41,7,54,3
42,7,22,2
43,7,54,2
44,7,22,1
45,7,54,1
46,7,22,0
47,7,54,0
48,7,22,15
49,7,54,15
50,7,22,14
51,7,54,14
52,7,22,13
53,7,54,13
54,7,22,12
55,7,54,12
56,7,22,11
57,7,54,11
58,7,22,10
59,7,54,10
60,7,22,9
61,7,54,9
62,7,22,8
63,7,54,8
0,8,25,23
1,8,57,23
2,8,25,22
3,8,57,22
4,8,25,21
5,8,57,21
6,8,25,20
7,8,57,20
8,8,25,19
9,8,57,19
10,8,25,18
11,8,57,18
12,8,25,17
13,8,57,17
14,8,25,16
15,8,57,16
16,8,25,31
17,8,57,31
18,8,25,30
19,8,57,30
20,8,25,29
21,8,57,29
22,8,25,28
23,8,57,28
24,8,25,27
25,8,57,27
26,8,25,26
27,8,57,26
28,8,25,25
29,8,57,25
30,8,25,24
31,8,57,24
32,8,25,7
33,8,57,7
34,8,25,6
35,8,57,6
36,8,25,5
37,8,57,5
38,8,25,4
39,8,57,4
40,8,25,3
41,8,57,3
42,8,25,2
43,8,57,2
44,8,25,1
45,8,57,1
46,8,25,0
47,8,57,0
48,8,25,15
49,8,57,15
50,8,25,14
51,8,57,14
52,8,25,13
53,8,57,13
54,8,25,12
55,8,57,12
56,8,25,11
57,8,57,11
58,8,25,10
59,8,57,10
60,8,25,9
61,8,57,9
62,8,25,8
63,8,57,8
0,9,24,23
1,9,56,23
2,9,24,22
3,9,56,22
4,9,24,21
5,9,56,21
6,9,24,20
7,9,56,20
8,9,24,19
9,9,56,19
10,9,24,18
11,9,56,18
12,9,24,17
13,9,56,17
14,9,24,16
15,9,56,16
16,9,24,31
17,9,56,31
18,9,24,30
19,9,56,30
20,9,24,29
21,9,56,29
22,9,24,28
23,9,56,28
24,9,24,27
25,9,56,27
26,9,24,26
27,9,56,26
28,9,24,25
29,9,56,25
30,9,24,24
31,9,56,24
32,9,24,7
33,9,56,7
34,9,24,6
35,9,56,6
36,9,24,5
37,9,56,5
38,9,24,4
39,9,56,4
40,9,24,3
41,9,56,3
42,9,24,2
43,9,56,2
44,9,24,1
45,9,56,1
46,9,24,0
47,9,56,0
48,9,24,15
49,9,56,15
50,9,24,14
51,9,56,14
52,9,24,13
53,9,56,13
54,9,24,12
55,9,56,12
56,9,24,11
57,9,56,11
58,9,24,10
59,9,56,10
60,9,24,9
61,9,56,9
62,9,24,8
63,9,56,8
0,10,27,23
1,10,59,23
2,10,27,22
3,10,59,22
4,10,27,21
5,10,59,21
6,10,27,20
7,10,59,20
8,10,27,19
9,10,59,19
10,10,27,18
11,10,59,18
12,10,27,17
13,10,59,17
14,10,27,16
15,10,59,16
16,10,27,31
17,10,59,31
18,10,27,30
19,10,59,30
20,10,27,29
21,10,59,29
22,10,27,28
23,10,59,28
24,10,27,27
25,10,59,27
26,10,27,26
27,10,59,26
28,10,27,25
29,10,59,25
30,10,27,24
31,10,59,24
32,10,27,7
33,10,59,7
34,10,27,6
35,10,59,6
36,10,27,5
37,10,59,5
38,10,27,4
39,10,59,4
40,10,27,3
41,10,59,3
42,10,27,2
43,10,59,2
44,10,27,1
45,10,59,1
46,10,27,0
47,10,59,0
48,10,27,15
49,10,59,15
50,10,27,14
51,10,59,14
52,10,27,13
53,10,59,13
54,10,27,12
55,10,59,12
56,10,27,11
57,10,59,11
58,10,27,10
59,10,59,10
60,10,27,9
61,10,59,9
62,10,27,8
63,10,59,8
0,11,26,23
1,11,58,23
2,11,26,22
3,11,58,22
4,11,26,21
5,11,58,21
6,11,26,20
7,11,58,20
8,11,26,19
9,11,58,19
10,11,26,18
11,11,58,18
12,11,26,17
13,11,58,17
14,11,26,16
15,11,58,16
16,11,26,31
17,11,58,31
18,11,26,30
19,11,58,30
20,11,26,29
21,11,58,29
22,11,26,28
23,11,58,28
24,11,26,27
25,11,58,27
26,11,26,26
27,11,58,26
28,11,26,25
29,11,58,25
30,11,26,24
31,11,58,24
32,11,26,7
33,11,58,7
34,11,26,6
35,11,58,6
36,11,26,5
37,11,58,5
38,11,26,4
39,11,58,4
40,11,26,3
41,11,58,3
42,11,26,2
43,11,58,2
44,11,26,1
45,11,58,1
46,11,26,0
47,11,58,0
48,11,26,15
49,11,58,15
50,11,26,14
51,11,58,14
52,11,26,13
53,11,58,13
54,11,26,12
55,11,58,12
56,11,26,11
57,11,58,11
58,11,26,10
59,11,58,10
60,11,26,9
61,11,58,9
62,11,26,8
63,11,58,8
0,12,29,23
1,12,61,23
2,12,29,22
3,12,61,22
4,12,29,21
5,12,61,21
6,12,29,20
7,12,61,20
8,12,29,19
9,12,61,19
10,12,29,18
11,12,61,18
12,12,29,17
13,12,61,17
14,12,29,16
15,12,61,16
16,12,29,31
17,12,61,31
18,12,29,30
19,12,61,30
20,12,29,29
21,12,61,29
22,12,29,28
23,12,61,28
24,12,29,27
25,12,61,27
26,12,29,26
27,12,61,26
28,12,29,25
29,12,61,25
30,12,29,24
31,12,61,24
32,12,29,7
33,12,61,7
34,12,29,6
35,12,61,6
36,12,29,5
37,12,61,5
38,12,29,4
39,12,61,4
40,12,29,3
41,12,61,3
42,12,29,2
43,12,61,2
44,12,29,1
45,12,61,1
46,12,29,0
47,12,61,0
48,12,29,15
49,12,61,15
50,12,29,14
51,12,61,14
52,12,29,13
53,12,61,13
54,12,29,12
55,12,61,12
56,12,29,11
57,12,61,11
58,12,29,10
59,12,61,10
60,12,29,9
61,12,61,9
62,12,29,8
63,12,61,8
0,13,28,23
1,13,60,23
2,13,28,22
3,13,60,22
4,13,28,21
5,13,60,21
6,13,28,20
7,13,60,20
8,13,28,19
9,13,60,19
10,13,28,18
11,13,60,18
12,13,28,17
13,13,60,17
14,13,28,16
15,13,60,16
16,13,28,31
17,13,60,31
18,13,28,30
19,13,60,30
20,13,28,29
21,13,60,29
22,13,28,28
23,13,60,28
24,13,28,27
25,13,60,27
26,13,28,26
27,13,60,26
28,13,28,25
29,13,60,25
30,13,28,24
31,13,60,24
32,13,28,7
33,13,60,7
34,13,28,6
35,13,60,6
36,13,28,5
37,13,60,5
38,13,28,4
39,13,60,4
40,13,28,3
41,13,60,3
42,13,28,2
43,13,60,2
44,13,28,1
45,13,60,1
46,13,28,0
47,13,60,0
48,13,28,15
49,13,60,15
50,13,28,14
51,13,60,14
52,13,28,13
53,13,60,13
54,13,28,12
55,13,60,12
56,13,28,11
57,13,60,11
58,13,28,10
59,13,60,10
60,13,28,9
61,13,60,9
62,13,28,8
63,13,60,8
0,14,31,23
1,14,63,23
2,14,31,22
3,14,63,22
4,14,31,21
5,14,63,21
6,14,31,20
7,14,63,20
8,14,31,19
9,14,63,19
10,14,31,18
11,14,63,18
12,14,31,17
13,14,63,17
14,14,31,16
15,14,63,16
16,14,31,31
17,14,63,31
18,14,31,30
19,14,63,30
20,14,31,29
21,14,63,29
22,14,31,28
23,14,63,28
24,14,31,27
25,14,63,27
26,14,31,26
27,14,63,26
28,14,31,25
29,14,63,25
30,14,31,24
31,14,63,24
32,14,31,7
33,14,63,7
34,14,31,6
35,14,63,6
36,14,31,5
37,14,63,5
38,14,31,4
39,14,63,4
40,14,31,3
41,14,63,3
42,14,31,2
43,14,63,2
44,14,31,1
45,14,63,1
46,14,31,0
47,14,63,0
48,14,31,15
49,14,63,15
50,14,31,14
51,14,63,14
52,14,31,13
53,14,63,13
54,14,31,12
55,14,63,12
56,14,31,11
57,14,63,11
58,14,31,10
59,14,63,10
60,14,31,9
61,14,63,9
62,14,31,8
63,14,63,8
0,15,30,23
1,15,62,23
2,15,30,22
3,15,62,22
4,15,30,21
5,15,62,21
6,15,30,20
7,15,62,20
8,15,30,19
9,15,62,19
10,15,30,18
11,15,62,18
12,15,30,17
13,15,62,17
14,15,30,16
15,15,62,16
16,15,30,31
17,15,62,31
18,15,30,30
19,15,62,30
20,15,30,29
21,15,62,29
22,15,30,28
23,15,62,28
24,15,30,27
25,15,62,27
26,15,30,26
27,15,62,26
28,15,30,25
29,15,62,25
30,15,30,24
31,15,62,24
32,15,30,7
33,15,62,7
34,15,30,6
35,15,62,6
36,15,30,5
37,15,62,5
38,15,30,4
39,15,62,4
40,15,30,3
41,15,62,3
42,15,30,2
43,15,62,2
44,15,30,1
45,15,62,1
46,15,30,0
47,15,62,0
48,15,30,15
49,15,62,15
50,15,30,14
51,15,62,14
52,15,30,13
53,15,62,13
54,15,30,12
55,15,62,12
56,15,30,11
57,15,62,11
58,15,30,10
59,15,62,10
60,15,30,9
61,15,62,9
62,15,30,8
63,15,62,8
0,16,1,23
1,16,33,23
2,16,1,22
3,16,33,22
4,16,1,21
5,16,33,21
6,16,1,20
7,16,33,20
8,16,1,19
9,16,33,19
10,16,1,18
11,16,33,18
12,16,1,17
13,16,33,17
14,16,1,16
15,16,33,16
16,16,1,31
17,16,33,31
18,16,1,30
19,16,33,30
20,16,1,29
21,16,33,29
22,16,1,28
23,16,33,28
24,16,1,27
25,16,33,27
26,16,1,26
27,16,33,26
28,16,1,25
29,16,33,25
30,16,1,24
31,16,33,24
32,16,1,7
33,16,33,7
34,16,1,6
35,16,33,6
36,16,1,5
37,16,33,5
38,16,1,4
39,16,33,4
40,16,1,3
41,16,33,3
42,16,1,2
43,16,33,2
44,16,1,1
45,16,33,1
46,16,1,0
47,16,33,0
48,16,1,15
49,16,33,15
50,16,1,14
51,16,33,14
52,16,1,13
53,16,33,13
54,16,1,12
55,16,33,12
56,16,1,11
57,16,33,11
58,16,1,10
59,16,33,10
60,16,1,9
61,16,33,9
62,16,1,8
63,16,33,8
0,17,0,23
1,17,32,23
2,17,0,22
3,17,32,22
4,17,0,21
5,17,32,21
6,17,0,20
7,17,32,20
8,17,0,19
9,17,32,19
10,17,0,18
11,17,32,18
12,17,0,17
13,17,32,17
14,17,0,16
15,17,32,16
16,17,0,31
17,17,32,31
18,17,0,30
19,17,32,30
20,17,0,29
21,17,32,29
22,17,0,28
23,17,32,28
24,17,0,27
25,17,32,27
26,17,0,26
27,17,32,26
28,17,0,25
29,17,32,25
30,17,0,24
31,17,32,24
32,17,0,7
33,17,32,7
34,17,0,6
35,17,32,6
36,17,0,5
37,17,32,5
38,17,0,4
39,17,32,4
40,17,0,3
41,17,32,3
42,17,0,2
43,17,32,2
44,17,0,1
45,17,32,1
46,17,0,0
47,17,32,0
48,17,0,15
49,17,32,15
50,17,0,14
51,17,32,14
52,17,0,13
53,17,32,13
54,17,0,12
55,17,32,12
56,17,0,11
57,17,32,11
58,17,0,10
59,17,32,10
60,17,0,9
61,17,32,9
62,17,0,8
63,17,32,8
0,18,3,23
1,18,35,23
2,18,3,22
3,18,35,22
4,18,3,21
5,18,35,21
6,18,3,20
7,18,35,20
8,18,3,19
9,18,35,19
10,18,3,18
11,18,35,18
12,18,3,17
13,18,35,17
14,18,3,16
15,18,35,16
16,18,3,31
17,18,35,31
18,18,3,30
19,18,35,30
20,18,3,29
21,18,35,29
22,18,3,28
23,18,35,28
24,18,3,27
25,18,35,27
26,18,3,26
27,18,35,26
28,18,3,25
29,18,35,25
30,18,3,24
31,18,35,24
32,18,3,7
33,18,35,7
34,18,3,6
35,18,35,6
36,18,3,5
37,18,35,5
38,18,3,4
39,18,35,4
40,18,3,3
41,18,35,3
42,18,3,2
43,18,35,2
44,18,3,1
45,18,35,1
46,18,3,0
47,18,35,0
48,18,3,15
49,18,35,15
50,18,3,14
51,18,35,14
52,18,3,13
53,18,35,13
54,18,3,12
55,18,35,12
56,18,3,11
57,18,35,11
58,18,3,10
59,18,35,10
60,18,3,9
61,18,35,9
62,18,3,8
63,18,35,8
0,19,2,23
1,19,34,23
2,19,2,22
3,19,34,22
4,19,2,21
5,19,34,21
6,19,2,20
7,19,34,20
8,19,2,19
9,19,34,19
10,19,2,18
11,19,34,18
12,19,2,17
13,19,34,17
14,19,2,16
15,19,34,16
16,19,2,31
17,19,34,31
18,19,2,30
19,19,34,30
20,19,2,29
21,19,34,29
22,19,2,28
23,19,34,28
24,19,2,27
25,19,34,27
26,19,2,26
27,19,34,26
28,19,2,25
29,19,34,25
30,19,2,24
31,19,34,24
32,19,2,7
33,19,34,7
34,19,2,6
35,19,34,6
36,19,2,5
37,19,34,5
38,19,2,4
39,19,34,4
40,19,2,3
41,19,34,3
42,19,2,2
43,19,34,2
44,19,2,1
45,19,34,1
46,19,2,0
47,19,34,0
48,19,2,15
49,19,34,15
50,19,2,14
51,19,34,14
52,19,2,13
53,19,34,13
54,19,2,12
55,19,34,12
56,19,2,11
57,19,34,11
58,19,2,10
59,19,34,10
60,19,2,9
61,19,34,9
62,19,2,8
63,19,34,8
0,20,5,23
1,20,37,23
2,20,5,22
3,20,37,22
4,20,5,21
5,20,37,21
6,20,5,20
7,20,37,20
8,20,5,19
9,20,37,19
10,20,5,18
11,20,37,18
12,20,5,17
13,20,37,17
14,20,5,16
15,20,37,16
16,20,5,31
17,20,37,31
18,20,5,30
19,20,37,30
20,20,5,29
21,20,37,29
22,20,5,28
23,20,37,28
24,20,5,27
25,20,37,27
26,20,5,26
27,20,37,26
28,20,5,25
29,20,37,25
30,20,5,24
31,20,37,24
32,20,5,7
33,20,37,7
34,20,5,6
35,20,37,6
36,20,5,5
37,20,37,5
38,20,5,4
39,20,37,4
40,20,5,3
41,20,37,3
42,20,5,2
43,20,37,2
44,20,5,1
45,20,37,1
46,20,5,0
47,20,37,0
48,20,5,15
49,20,37,15
50,20,5,14
51,20,37,14
52,20,5,13
53,20,37,13
54,20,5,12
55,20,37,12
56,20,5,11
57,20,37,11
58,20,5,10
59,20,37,10
60,20,5,9
61,20,37,9
62,20,5,8
63,20,37,8
0,21,4,23
1,21,36,23
2,21,4,22
3,21,36,22
4,21,4,21
5,21,36,21
6,21,4,20
7,21,36,20
8,21,4,19
9,21,36,19
10,21,4,18
11,21,36,18
12,21,4,17
13,21,36,17
14,21,4,16
15,21,36,16
16,21,4,31
17,21,36,31
18,21,4,30
19,21,36,30
20,21,4,29
21,21,36,29
22,21,4,28
23,21,36,28
24,21,4,27
25,21,36,27
26,21,4,26
27,21,36,26
28,21,4,25
29,21,36,25
30,21,4,24
31,21,36,24
32,21,4,7
33,21,36,7
34,21,4,6
35,21,36,6
36,21,4,5
37,21,36,5
38,21,4,4
39,21,36,4
40,21,4,3
41,21,36,3
42,21,4,2
43,21,36,2
44,21,4,1
45,21,36,1
46,21,4,0
47,21,36,0
48,21,4,15
49,21,36,15
50,21,4,14
51,21,36,14
52,21,4,13
53,21,36,13
54,21,4,12
55,21,36,12
56,21,4,11
57,21,36,11
58,21,4,10
59,21,36,10
60,21,4,9
61,21,36,9
62,21,4,8
63,21,36,8
0,22,7,23
1,22,39,23
2,22,7,22
3,22,39,22
4,22,7,21
5,22,39,21
6,22,7,20
7,22,39,20
8,22,7,19
9,22,39,19
10,22,7,18
11,22,39,18
12,22,7,17
13,22,39,17
14,22,7,16
15,22,39,16
16,22,7,31
17,22,39,31
18,22,7,30
19,22,39,30
20,22,7,29
21,22,39,29
22,22,7,28
23,22,39,28
24,22,7,27
25,22,39,27
26,22,7,26
27,22,39,26
28,22,7,25
29,22,39,25
30,22,7,24
31,22,39,24
32,22,7,7
33,22,39,7
34,22,7,6
35,22,39,6
36,22,7,5
37,22,39,5
38,22,7,4
39,22,39,4
40,22,7,3
41,22,39,3
42,22,7,2
43,22,39,2
44,22,7,1
45,22,39,1
46,22,7,0
47,22,39,0
48,22,7,15
49,22,39,15
50,22,7,14
51,22,39,14
52,22,7,13
53,22,39,13
54,22,7,12
55,22,39,12
56,22,7,11
57,22,39,11
58,22,7,10
59,22,39,10
60,22,7,9
61,22,39,9
62,22,7,8
63,22,39,8
0,23,6,23
1,23,38,23
2,23,6,22
3,23,38,22
4,23,6,21
5,23,38,21
6,23,6,20
7,23,38,20
8,23,6,19
9,23,38,19
10,23,6,18
11,23,38,18
12,23,6,17
13,23,38,17
14,23,6,16
15,23,38,16
16,23,6,31
17,23,38,31
18,23,6,30
19,23,38,30
20,23,6,29
21,23,38,29
22,23,6,28
23,23,38,28
24,23,6,27
25,23,38,27
26,23,6,26
27,23,38,26
28,23,6,25
29,23,38,25
30,23,6,24
31,23,38,24
32,23,6,7
33,23,38,7
34,23,6,6
35,23,38,6
36,23,6,5
37,23,38,5
38,23,6,4
39,23,38,4
40,23,6,3
41,23,38,3
42,23,6,2
43,23,38,2
44,23,6,1
45,23,38,1
46,23,6,0
47,23,38,0
48,23,6,15
49,23,38,15
50,23,6,14
51,23,38,14
52,23,6,13
53,23,38,13
54,23,6,12
55,23,38,12
56,23,6,11
57,23,38,11
58,23,6,10
59,23,38,10
60,23,6,9
61,23,38,9
62,23,6,8
63,23,38,8
0,24,9,23
1,24,41,23
2,24,9,22
3,24,41,22
4,24,9,21
5,24,41,21
6,24,9,20
7,24,41,20
8,24,9,19
9,24,41,19
10,24,9,18
11,24,41,18
12,24,9,17
13,24,41,17
14,24,9,16
15,24,41,16
16,24,9,31
17,24,41,31
18,24,9,30
19,24,41,30
20,24,9,29
21,24,41,29
22,24,9,28
23,24,41,28
24,24,9,27
25,24,41,27
26,24,9,26
27,24,41,26
28,24,9,25
29,24,41,25
30,24,9,24
31,24,41,24
32,24,9,7
33,24,41,7
34,24,9,6
35,24,41,6
36,24,9,5
37,24,41,5
38,24,9,4
39,24,41,4
40,24,9,3
41,24,41,3
42,24,9,2
43,24,41,2
44,24,9,1
45,24,41,1
46,24,9,0
47,24,41,0
48,24,9,15
49,24,41,15
50,24,9,14
51,24,41,14
52,24,9,13
53,24,41,13
54,24,9,12
55,24,41,12
56,24,9,11
57,24,41,11
58,24,9,10
59,24,41,10
60,24,9,9
61,24,41,9
62,24,9,8
63,24,41,8
0,25,8,23
1,25,40,23
2,25,8,22
3,25,40,22
4,25,8,21
5,25,40,21
6,25,8,20
7,25,40,20
8,25,8,19
9,25,40,19
10,25,8,18
11,25,40,18
12,25,8,17
13,25,40,17
14,25,8,16
15,25,40,16
16,25,8,31
17,25,40,31
18,25,8,30
19,25,40,30
20,25,8,29
21,25,40,29
22,25,8,28
23,25,40,28
24,25,8,27
25,25,40,27
26,25,8,26
27,25,40,26
28,25,8,25
29,25,40,25
30,25,8,24
31,25,40,24
32,25,8,7
33,25,40,7
34,25,8,6
35,25,40,6
36,25,8,5
37,25,40,5
38,25,8,4
39,25,40,4
40,25,8,3
41,25,40,3
42,25,8,2
43,25,40,2
44,25,8,1
45,25,40,1
46,25,8,0
47,25,40,0
48,25,8,15
49,25,40,15
50,25,8,14
51,25,40,14
52,25,8,13
53,25,40,13
54,25,8,12
55,25,40,12
56,25,8,11
57,25,40,11
58,25,8,10
59,25,40,10
60,25,8,9
61,25,40,9
62,25,8,8
63,25,40,8
0,26,11,23
1,26,43,23
2,26,11,22
3,26,43,22
4,26,11,21
5,26,43,21
6,26,11,20
7,26,43,20
8,26,11,19
9,26,43,19
10,26,11,18
11,26,43,18
12,26,11,17
13,26,43,17
14,26,11,16
15,26,43,16
16,26,11,31
17,26,43,31
18,26,11,30
19,26,43,30
20,26,11,29
21,26,43,29
22,26,11,28
23,26,43,28
24,26,11,27
25,26,43,27
26,26,11,26
27,26,43,26
28,26,11,25
29,26,43,25
30,26,11,24
31,26,43,24
32,26,11,7
33,26,43,7
34,26,11,6
35,26,43,6
36,26,11,5
37,26,43,5
38,26,11,4
39,26,43,4
40,26,11,3
41,26,43,3
42,26,11,2
43,26,43,2
44,26,11,1
45,26,43,1
46,26,11,0
47,26,43,0
48,26,11,15
49,26,43,15
50,26,11,14
51,26,43,14
52,26,11,13
53,26,43,13
54,26,11,12
55,26,43,12
56,26,11,11
57,26,43,11
58,26,11,10
59,26,43,10
60,26,11,9
61,26,43,9
62,26,11,8
63,26,43,8
0,27,10,23
1,27,42,23
2,27,10,22
3,27,42,22
4,27,10,21
5,27,42,21
6,27,10,20
7,27,42,20
8,27,10,19
9,27,42,19
10,27,10,18
11,27,42,18
12,27,10,17
13,27,42,17
14,27,10,16
15,27,42,16
16,27,10,31
17,27,42,31
18,27,10,30
19,27,42,30
20,27,10,29
21,27,42,29
22,27,10,28
23,27,42,28
24,27,10,27
25,27,42,27
26,27,10,26
27,27,42,26
28,27,10,25
29,27,42,25
30,27,10,24
31,27,42,24
32,27,10,7
33,27,42,7
34,27,10,6
35,27,42,6
36,27,10,5
37,27,42,5
38,27,10,4
39,27,42,4
40,27,10,3
41,27,42,3
42,27,10,2
43,27,42,2
44,27,10,1
45,27,42,1
46,27,10,0
47,27,42,0
48,27,10,15
49,27,42,15
50,27,10,14
51,27,42,14
52,27,10,13
53,27,42,13
54,27,10,12
55,27,42,12
56,27,10,11
57,27,42,11
58,27,10,10
59,27,42,10
60,27,10,9
61,27,42,9
62,27,10,8
63,27,42,8
0,28,13,23
1,28,45,23
2,28,13,22
3,28,45,22
4,28,13,21
5,28,45,21
6,28,13,20
7,28,45,20
8,28,13,19
9,28,45,19
10,28,13,18
11,28,45,18
12,28,13,17
13,28,45,17
14,28,13,16
15,28,45,16
16,28,13,31
17,28,45,31
18,28,13,30
19,28,45,30
20,28,13,29
21,28,45,29
22,28,13,28
23,28,45,28
24,28,13,27
25,28,45,27
26,28,13,26
27,28,45,26
28,28,13,25
29,28,45,25
30,28,13,24
31,28,45,24
32,28,13,7
33,28,45,7
34,28,13,6
35,28,45,6
36,28,13,5
37,28,45,5
38,28,13,4
39,28,45,4
40,28,13,3
41,28,45,3
42,28,13,2
43,28,45,2
44,28,13,1
45,28,45,1
46,28,13,0
47,28,45,0
48,28,13,15
49,28,45,15
50,28,13,14
51,28,45,14
52,28,13,13
53,28,45,13
54,28,13,12
55,28,45,12
56,28,13,11
57,28,45,11
58,28,13,10
59,28,45,10
60,28,13,9
61,28,45,9
62,28,13,8
63,28,45,8
0,29,12,23
1,29,44,23
2,29,12,22
3,29,44,22
4,29,12,21
5,29,44,21
6,29,12,20
7,29,44,20
8,29,12,19
9,29,44,19
10,29,12,18
11,29,44,18
12,29,12,17
13,29,44,17
14,29,12,16
15,29,44,16
16,29,12,31
17,29,44,31
18,29,12,30
19,29,44,30
20,29,12,29
21,29,44,29
22,29,12,28
23,29,44,28
24,29,12,27
25,29,44,27
26,29,12,26
27,29,44,26
28,29,12,25
29,29,44,25
30,29,12,24
31,29,44,24
32,29,12,7
33,29,44,7
34,29,12,6
35,29,44,6
36,29,12,5
37,29,44,5
38,29,12,4
39,29,44,4
40,29,12,3
41,29,44,3
42,29,12,2
43,29,44,2
44,29,12,1
45,29,44,1
46,29,12,0
47,29,44,0
48,29,12,15
49,29,44,15
50,29,12,14
51,29,44,14
52,29,12,13
53,29,44,13
54,29,12,12
55,29,44,12
56,29,12,11
57,29,44,11
58,29,12,10
59,29,44,10
60,29,12,9
61,29,44,9
62,29,12,8
63,29,44,8
0,30,15,23
1,30,47,23
2,30,15,22
3,30,47,22
4,30,15,21
5,30,47,21
6,30,15,20
7,30,47,20
8,30,15,19
9,30,47,19
10,30,15,18
11,30,47,18
12,30,15,17
13,30,47,17
14,30,15,16
15,30,47,16
16,30,15,31
17,30,47,31
18,30,15,30
19,30,47,30
20,30,15,29
21,30,47,29
22,30,15,28
23,30,47,28
24,30,15,27
25,30,47,27
26,30,15,26
27,30,47,26
28,30,15,25
29,30,47,25
30,30,15,24
31,30,47,24
32,30,15,7
33,30,47,7
34,30,15,6
35,30,47,6
36,30,15,5
37,30,47,5
38,30,15,4
39,30,47,4
40,30,15,3
41,30,47,3
42,30,15,2
43,30,47,2
44,30,15,1
45,30,47,1
46,30,15,0
47,30,47,0
48,30,15,15
49,30,47,15
50,30,15,14
51,30,47,14
52,30,15,13
53,30,47,13
54,30,15,12
55,30,47,12
56,30,15,11
57,30,47,11
58,30,15,10
59,30,47,10
60,30,15,9
61,30,47,9
62,30,15,8
63,30,47,8
0,31,14,23
1,31,46,23
2,31,14,22
3,31,46,22
4,31,14,21
5,31,46,21
6,31,14,20
7,31,46,20
8,31,14,19
9,31,46,19
10,31,14,18
11,31,46,18
12,31,14,17
13,31,46,17
14,31,14,16
15,31,46,16
16,31,14,31
17,31,46,31
18,31,14,30
19,31,46,30
20,31,14,29
21,31,46,29
22,31,14,28
23,31,46,28
24,31,14,27
25,31,46,27
26,31,14,26
27,31,46,26
28,31,14,25
29,31,46,25
30,31,14,24
31,31,46,24
32,31,14,7
33,31,46,7
34,31,14,6
35,31,46,6
36,31,14,5
37,31,46,5
38,31,14,4
39,31,46,4
40,31,14,3
41,31,46,3
42,31,14,2
43,31,46,2
44,31,14,1
45,31,46,1
46,31,14,0
47,31,46,0
48,31,14,15
49,31,46,15
50,31,14,14
51,31,46,14
52,31,14,13
53,31,46,13
54,31,14,12
55,31,46,12
56,31,14,11
57,31,46,11
58,31,14,10
59,31,46,10
60,31,14,9
61,31,46,9
62,31,14,8
63,31,46,8
